INSERT INTO wahlkreis("WahlkreisId", "Name")
VALUES (901, 'Oberbayern'),
       (902, 'Niederbayern'),
       (903, 'Oberpfalz'),
       (904, 'Oberfranken'),
       (905, 'Mittelfranken'),
       (906, 'Unterfranken'),
       (907, 'Schwaben');

INSERT INTO stimmkreis("WahlkreisId", "StimmkreisId", "Name")
VALUES (901, 101, 'München-Hadern'),
       (901, 102, 'München-Bogenhausen'),
       (901, 103, 'München-Giesing'),
       (901, 104, 'München-Milbertshofen'),
       (901, 105, 'München-Moosach'),
       (901, 106, 'München-Pasing'),
       (901, 107, 'München-Ramersdorf'),
       (901, 108, 'München-Schwabing'),
       (901, 109, 'München-Mitte'),
       (901, 110, 'Altötting'),
       (901, 111, 'Bad Tölz-Wolfratshausen Garmisch-Partenkirchen'),
       (901, 112, 'Berchtesgadener Land'),
       (901, 113, 'Dachau'),
       (901, 114, 'Ebersberg'),
       (901, 115, 'Eichstätt'),
       (901, 116, 'Erding'),
       (901, 117, 'Freising'),
       (901, 118, 'Fürstenfeldbruck-Ost'),
       (901, 119, 'Ingolstadt'),
       (901, 120, 'Landsberg am Lech Fürstenfeldbruck-West'),
       (901, 121, 'Miesbach'),
       (901, 122, 'Mühldorf a.Inn'),
       (901, 123, 'München-Land-Nord'),
       (901, 124, 'München-Land-Süd'),
       (901, 125, 'Neuburg-Schrobenhausen'),
       (901, 126, 'Pfaffenhofen a.d.Ilm'),
       (901, 127, 'Rosenheim-Ost'),
       (901, 128, 'Rosenheim-West'),
       (901, 129, 'Starnberg'),
       (901, 130, 'Traunstein'),
       (901, 131, 'Weilheim-Schongau'),
       (902, 201, 'Deggendorf'),
       (902, 202, 'Dingolfing'),
       (902, 203, 'Kelheim'),
       (902, 204, 'Landshut'),
       (902, 205, 'Passau-Ost'),
       (902, 206, 'Passau-West'),
       (902, 207, 'Regen Freyung-Grafenau'),
       (902, 208, 'Rottal-Inn'),
       (902, 209, 'Straubing'),
       (903, 301, 'Amberg-Sulzbach'),
       (903, 302, 'Cham'),
       (903, 303, 'Neumarkt i.d.OPf.'),
       (903, 304, 'Regensburg-Land'),
       (903, 305, 'Regensburg-Stadt'),
       (903, 306, 'Schwandorf'),
       (903, 307, 'Tirschenreuth'),
       (903, 308, 'Weiden i.d.OPf.'),
       (904, 401, 'Bamberg-Land'),
       (904, 402, 'Bamberg-Stadt'),
       (904, 403, 'Bayreuth'),
       (904, 404, 'Coburg'),
       (904, 405, 'Forchheim'),
       (904, 406, 'Hof'),
       (904, 407, 'Kronach Lichtenfels'),
       (904, 408, 'Wunsiedel Kulmbach'),
       (905, 501, 'Nürnberg-Nord'),
       (905, 502, 'Nürnberg-Ost'),
       (905, 503, 'Nürnberg-Süd'),
       (905, 504, 'Nürnberg-West'),
       (905, 505, 'Ansbach-Nord'),
       (905, 506, 'Ansbach-Süd Weissenburg-Gunzenhausen'),
       (905, 507, 'Erlangen-Höchstadt'),
       (905, 508, 'Erlangen-Stadt'),
       (905, 509, 'Fürth'),
       (905, 510, 'Neustadt a.d.Aisch-Bad Windsheim Fürth-Land'),
       (905, 511, 'Nürnberger Land'),
       (905, 512, 'Roth'),
       (906, 601, 'Aschaffenburg-Ost'),
       (906, 602, 'Aschaffenburg-West'),
       (906, 603, 'Bad Kissingen'),
       (906, 604, 'Hassberge Rhön-Grabfeld'),
       (906, 605, 'Kitzingen'),
       (906, 606, 'Main-Spessart'),
       (906, 607, 'Miltenberg'),
       (906, 608, 'Schweinfurt'),
       (906, 609, 'Würzburg-Land'),
       (906, 610, 'Würzburg-Stadt'),
       (907, 701, 'Augsburg-Stadt-Ost'),
       (907, 702, 'Augsburg-Stadt-West'),
       (907, 703, 'Aichach-Friedberg'),
       (907, 704, 'Augsburg-Land Dillingen'),
       (907, 705, 'Augsburg-Land-Süd'),
       (907, 706, 'Donau-Ries'),
       (907, 707, 'Günzburg'),
       (907, 708, 'Kaufbeuren'),
       (907, 709, 'Kempten Oberallgäu'),
       (907, 710, 'Lindau Sonthofen'),
       (907, 711, 'Marktoberdorf'),
       (907, 712, 'Memmingen'),
       (907, 713, 'Neu-Ulm')
    INSERT
INTO Parteien("Name", kurzbezeichnung)
VALUES ('Christlich-Soziale Union in Bayern e.V.', 'CSU'), ('BÜNDNIS 90/DIE GRÜNEN', 'GRÜNE'), ('FREIE WÄHLER Bayern', 'FREIE WÄHLER'), ('Alternative für Deutschland', 'AfD'), ('Sozialdemokratische Partei Deutschlands', 'SPD'), ('Freie Demokratische Partei', 'FDP'), ('DIE LINKE', 'DIE LINKE'), ('Bayernpartei', 'BP'), ('Ökologisch-Demokratische Partei', 'ÖDP'), ('Partei für Arbeit, Rechtsstaat, Tierschutz, Elitenförderung und basisdemokratische Initiative', 'Die PARTEI'), ('PARTEI MENSCH UMWELT TIERSCHUTZ', 'Tierschutzpartei'), ('V-Partei³ – Partei für Veränderung, Vegetarier und Veganer', 'V-Partei³'), ('Partei der Humanisten', 'PdH'), ('Basisdemokratische Partei Deutschland', 'dieBasis'), ('Volt Deutschland', 'Volt'), ('Piratenpartei Deutschland', 'PIRATEN'), ('Partei für Franken', 'DIE FRANKEN'), ('Liberal-Konservative Reformer - Die EURO-Kritiker', 'LKR'), ('mut', 'mut'), ('Partei für Gesundheitsforschung', 'Gesundheitsforschung');


CREATE TABLE wahlergebnisse2018
(
    Partei                       VARCHAR(255),
    Erststimmen                  INT,
    Zweitstimmen                 INT,
    Gesamtstimmen                INT,
    SummeInProzent               DECIMAL(5, 2),
    DifferenzZu2013              DECIMAL(5, 2),
    SitzeGesamt                  INT,
    DifferenzSitzeZu2013         INT,
    Direktmandate                INT,
    DifferenzDirektmandateZu2013 INT
);

INSERT INTO wahlergebnisse2018 (Partei, Erststimmen, Zweitstimmen, Gesamtstimmen, SummeInProzent, DifferenzZu2013,
                                SitzeGesamt, DifferenzSitzeZu2013, Direktmandate, DifferenzDirektmandateZu2013)
VALUES ('CSU', 2495186, 2550895, 5046081, 37.2, -10.5, 85, -16, 85, -4),
       ('GRÜNE', 1196575, 1195781, 2392356, 17.6, 9.0, 38, 20, 6, 6),
       ('FREIE WÄHLER', 809666, 763126, 1572792, 11.6, 2.6, 27, 8, 0, 0),
       ('AfD', 701384, 687238, 1388622, 10.2, 10.2, 22, 22, 0, 0),
       ('SPD', 680180, 628898, 1309078, 9.7, -11.0, 22, -20, 0, -1),
       ('FDP', 353800, 336699, 690499, 5.1, 1.8, 11, 11, 0, 0),
       ('DIE LINKE', 220031, 217857, 437888, 3.2, 1.1, NULL, NULL, NULL, NULL),
       ('BP', 122266, 109465, 231731, 1.7, -0.4, NULL, NULL, NULL, NULL),
       ('ÖDP', 111212, 100739, 211951, 1.6, -0.5, NULL, NULL, NULL, NULL),
       ('PIRATEN', 23900, 35245, 59145, 0.4, -1.5, NULL, NULL, NULL, NULL),
       ('Die PARTEI', 18561, 40535, 59096, 0.4, 0.4, NULL, NULL, NULL, NULL),
       ('mut', 17992, 27498, 45490, 0.3, 0.3, NULL, NULL, NULL, NULL),
       ('Tierschutzpartei', 11616, 29281, 40897, 0.3, 0.3, NULL, NULL, NULL, NULL),
       ('V-Partei³', 15266, 19243, 34509, 0.3, 0.3, NULL, NULL, NULL, NULL),
       ('DIE FRANKEN', 17075, 14378, 31453, 0.2, -0.5, NULL, NULL, NULL, NULL),
       ('Gesundheitsforschung', 1006, 6744, 7750, 0.1, 0.1, NULL, NULL, NULL, NULL),
       ('Die Humanisten', 159, 3234, 3393, 0.0, 0.0, NULL, NULL, NULL, NULL),
       ('LKR', 374, 1642, 2016, 0.0, 0.0, NULL, NULL, NULL, NULL);

CREATE TABLE IF NOT EXISTS Einkommen_pro_wahlkreis
(
    WahlkreisID
    INT,
    Einkommen
    INT
);

INSERT INTO Einkommen_pro_wahlkreis (WahlkreisID, Einkommen)
VALUES (901, 29909),
       (902, 24756),
       (903, 24561),
       (904, 24459),
       (905, 25440),
       (906, 24962),
       (907, 25343);
